--
-- PostgreSQL database dump
--

-- Dumped from database version 16.2 (Debian 16.2-1.pgdg120+2)
-- Dumped by pg_dump version 16.2 (Debian 16.2-1.pgdg120+2)

SET statement_timeout = 0;
SET lock_timeout = 0;
SET idle_in_transaction_session_timeout = 0;
SET client_encoding = 'UTF8';
SET standard_conforming_strings = on;
SELECT pg_catalog.set_config('search_path', '', false);
SET check_function_bodies = false;
SET xmloption = content;
SET client_min_messages = warning;
SET row_security = off;

SET default_tablespace = '';

SET default_table_access_method = heap;

--
-- Name: auth_group; Type: TABLE; Schema: public; Owner: django_admin
--

CREATE TABLE public.auth_group (
    id integer NOT NULL,
    name character varying(150) NOT NULL
);


ALTER TABLE public.auth_group OWNER TO django_admin;

--
-- Name: auth_group_id_seq; Type: SEQUENCE; Schema: public; Owner: django_admin
--

ALTER TABLE public.auth_group ALTER COLUMN id ADD GENERATED BY DEFAULT AS IDENTITY (
    SEQUENCE NAME public.auth_group_id_seq
    START WITH 1
    INCREMENT BY 1
    NO MINVALUE
    NO MAXVALUE
    CACHE 1
);


--
-- Name: auth_group_permissions; Type: TABLE; Schema: public; Owner: django_admin
--

CREATE TABLE public.auth_group_permissions (
    id bigint NOT NULL,
    group_id integer NOT NULL,
    permission_id integer NOT NULL
);


ALTER TABLE public.auth_group_permissions OWNER TO django_admin;

--
-- Name: auth_group_permissions_id_seq; Type: SEQUENCE; Schema: public; Owner: django_admin
--

ALTER TABLE public.auth_group_permissions ALTER COLUMN id ADD GENERATED BY DEFAULT AS IDENTITY (
    SEQUENCE NAME public.auth_group_permissions_id_seq
    START WITH 1
    INCREMENT BY 1
    NO MINVALUE
    NO MAXVALUE
    CACHE 1
);


--
-- Name: auth_permission; Type: TABLE; Schema: public; Owner: django_admin
--

CREATE TABLE public.auth_permission (
    id integer NOT NULL,
    name character varying(255) NOT NULL,
    content_type_id integer NOT NULL,
    codename character varying(100) NOT NULL
);


ALTER TABLE public.auth_permission OWNER TO django_admin;

--
-- Name: auth_permission_id_seq; Type: SEQUENCE; Schema: public; Owner: django_admin
--

ALTER TABLE public.auth_permission ALTER COLUMN id ADD GENERATED BY DEFAULT AS IDENTITY (
    SEQUENCE NAME public.auth_permission_id_seq
    START WITH 1
    INCREMENT BY 1
    NO MINVALUE
    NO MAXVALUE
    CACHE 1
);


--
-- Name: auth_user; Type: TABLE; Schema: public; Owner: django_admin
--

CREATE TABLE public.auth_user (
    id integer NOT NULL,
    password character varying(128) NOT NULL,
    last_login timestamp with time zone,
    is_superuser boolean NOT NULL,
    username character varying(150) NOT NULL,
    first_name character varying(150) NOT NULL,
    last_name character varying(150) NOT NULL,
    email character varying(254) NOT NULL,
    is_staff boolean NOT NULL,
    is_active boolean NOT NULL,
    date_joined timestamp with time zone NOT NULL
);


ALTER TABLE public.auth_user OWNER TO django_admin;

--
-- Name: auth_user_groups; Type: TABLE; Schema: public; Owner: django_admin
--

CREATE TABLE public.auth_user_groups (
    id bigint NOT NULL,
    user_id integer NOT NULL,
    group_id integer NOT NULL
);


ALTER TABLE public.auth_user_groups OWNER TO django_admin;

--
-- Name: auth_user_groups_id_seq; Type: SEQUENCE; Schema: public; Owner: django_admin
--

ALTER TABLE public.auth_user_groups ALTER COLUMN id ADD GENERATED BY DEFAULT AS IDENTITY (
    SEQUENCE NAME public.auth_user_groups_id_seq
    START WITH 1
    INCREMENT BY 1
    NO MINVALUE
    NO MAXVALUE
    CACHE 1
);


--
-- Name: auth_user_id_seq; Type: SEQUENCE; Schema: public; Owner: django_admin
--

ALTER TABLE public.auth_user ALTER COLUMN id ADD GENERATED BY DEFAULT AS IDENTITY (
    SEQUENCE NAME public.auth_user_id_seq
    START WITH 1
    INCREMENT BY 1
    NO MINVALUE
    NO MAXVALUE
    CACHE 1
);


--
-- Name: auth_user_user_permissions; Type: TABLE; Schema: public; Owner: django_admin
--

CREATE TABLE public.auth_user_user_permissions (
    id bigint NOT NULL,
    user_id integer NOT NULL,
    permission_id integer NOT NULL
);


ALTER TABLE public.auth_user_user_permissions OWNER TO django_admin;

--
-- Name: auth_user_user_permissions_id_seq; Type: SEQUENCE; Schema: public; Owner: django_admin
--

ALTER TABLE public.auth_user_user_permissions ALTER COLUMN id ADD GENERATED BY DEFAULT AS IDENTITY (
    SEQUENCE NAME public.auth_user_user_permissions_id_seq
    START WITH 1
    INCREMENT BY 1
    NO MINVALUE
    NO MAXVALUE
    CACHE 1
);


--
-- Name: blogapp_comment; Type: TABLE; Schema: public; Owner: django_admin
--

CREATE TABLE public.blogapp_comment (
    id bigint NOT NULL,
    body text NOT NULL,
    data timestamp with time zone NOT NULL,
    author_id integer NOT NULL,
    post_id bigint
);


ALTER TABLE public.blogapp_comment OWNER TO django_admin;

--
-- Name: blogapp_comment_id_seq; Type: SEQUENCE; Schema: public; Owner: django_admin
--

ALTER TABLE public.blogapp_comment ALTER COLUMN id ADD GENERATED BY DEFAULT AS IDENTITY (
    SEQUENCE NAME public.blogapp_comment_id_seq
    START WITH 1
    INCREMENT BY 1
    NO MINVALUE
    NO MAXVALUE
    CACHE 1
);


--
-- Name: blogapp_post; Type: TABLE; Schema: public; Owner: django_admin
--

CREATE TABLE public.blogapp_post (
    id bigint NOT NULL,
    description text NOT NULL,
    data timestamp with time zone NOT NULL,
    photo character varying(100),
    author_id integer NOT NULL
);


ALTER TABLE public.blogapp_post OWNER TO django_admin;

--
-- Name: blogapp_post_id_seq; Type: SEQUENCE; Schema: public; Owner: django_admin
--

ALTER TABLE public.blogapp_post ALTER COLUMN id ADD GENERATED BY DEFAULT AS IDENTITY (
    SEQUENCE NAME public.blogapp_post_id_seq
    START WITH 1
    INCREMENT BY 1
    NO MINVALUE
    NO MAXVALUE
    CACHE 1
);


--
-- Name: django_admin_log; Type: TABLE; Schema: public; Owner: django_admin
--

CREATE TABLE public.django_admin_log (
    id integer NOT NULL,
    action_time timestamp with time zone NOT NULL,
    object_id text,
    object_repr character varying(200) NOT NULL,
    action_flag smallint NOT NULL,
    change_message text NOT NULL,
    content_type_id integer,
    user_id integer NOT NULL,
    CONSTRAINT django_admin_log_action_flag_check CHECK ((action_flag >= 0))
);


ALTER TABLE public.django_admin_log OWNER TO django_admin;

--
-- Name: django_admin_log_id_seq; Type: SEQUENCE; Schema: public; Owner: django_admin
--

ALTER TABLE public.django_admin_log ALTER COLUMN id ADD GENERATED BY DEFAULT AS IDENTITY (
    SEQUENCE NAME public.django_admin_log_id_seq
    START WITH 1
    INCREMENT BY 1
    NO MINVALUE
    NO MAXVALUE
    CACHE 1
);


--
-- Name: django_content_type; Type: TABLE; Schema: public; Owner: django_admin
--

CREATE TABLE public.django_content_type (
    id integer NOT NULL,
    app_label character varying(100) NOT NULL,
    model character varying(100) NOT NULL
);


ALTER TABLE public.django_content_type OWNER TO django_admin;

--
-- Name: django_content_type_id_seq; Type: SEQUENCE; Schema: public; Owner: django_admin
--

ALTER TABLE public.django_content_type ALTER COLUMN id ADD GENERATED BY DEFAULT AS IDENTITY (
    SEQUENCE NAME public.django_content_type_id_seq
    START WITH 1
    INCREMENT BY 1
    NO MINVALUE
    NO MAXVALUE
    CACHE 1
);


--
-- Name: django_migrations; Type: TABLE; Schema: public; Owner: django_admin
--

CREATE TABLE public.django_migrations (
    id bigint NOT NULL,
    app character varying(255) NOT NULL,
    name character varying(255) NOT NULL,
    applied timestamp with time zone NOT NULL
);


ALTER TABLE public.django_migrations OWNER TO django_admin;

--
-- Name: django_migrations_id_seq; Type: SEQUENCE; Schema: public; Owner: django_admin
--

ALTER TABLE public.django_migrations ALTER COLUMN id ADD GENERATED BY DEFAULT AS IDENTITY (
    SEQUENCE NAME public.django_migrations_id_seq
    START WITH 1
    INCREMENT BY 1
    NO MINVALUE
    NO MAXVALUE
    CACHE 1
);


--
-- Name: django_session; Type: TABLE; Schema: public; Owner: django_admin
--

CREATE TABLE public.django_session (
    session_key character varying(40) NOT NULL,
    session_data text NOT NULL,
    expire_date timestamp with time zone NOT NULL
);


ALTER TABLE public.django_session OWNER TO django_admin;

--
-- Name: functionalapp_answer; Type: TABLE; Schema: public; Owner: django_admin
--

CREATE TABLE public.functionalapp_answer (
    id bigint NOT NULL,
    body text NOT NULL,
    data timestamp with time zone NOT NULL,
    photo character varying(100),
    author_id integer NOT NULL,
    question_id bigint
);


ALTER TABLE public.functionalapp_answer OWNER TO django_admin;

--
-- Name: functionalapp_answer_id_seq; Type: SEQUENCE; Schema: public; Owner: django_admin
--

ALTER TABLE public.functionalapp_answer ALTER COLUMN id ADD GENERATED BY DEFAULT AS IDENTITY (
    SEQUENCE NAME public.functionalapp_answer_id_seq
    START WITH 1
    INCREMENT BY 1
    NO MINVALUE
    NO MAXVALUE
    CACHE 1
);


--
-- Name: functionalapp_playground; Type: TABLE; Schema: public; Owner: django_admin
--

CREATE TABLE public.functionalapp_playground (
    id bigint NOT NULL,
    town character varying(100) NOT NULL,
    address text NOT NULL,
    description character varying(200) NOT NULL,
    photo character varying(100)
);


ALTER TABLE public.functionalapp_playground OWNER TO django_admin;

--
-- Name: functionalapp_playground_id_seq; Type: SEQUENCE; Schema: public; Owner: django_admin
--

ALTER TABLE public.functionalapp_playground ALTER COLUMN id ADD GENERATED BY DEFAULT AS IDENTITY (
    SEQUENCE NAME public.functionalapp_playground_id_seq
    START WITH 1
    INCREMENT BY 1
    NO MINVALUE
    NO MAXVALUE
    CACHE 1
);


--
-- Name: functionalapp_question; Type: TABLE; Schema: public; Owner: django_admin
--

CREATE TABLE public.functionalapp_question (
    id bigint NOT NULL,
    head character varying(100) NOT NULL,
    body text NOT NULL,
    data timestamp with time zone NOT NULL,
    photo character varying(100),
    author_id integer NOT NULL
);


ALTER TABLE public.functionalapp_question OWNER TO django_admin;

--
-- Name: functionalapp_question_id_seq; Type: SEQUENCE; Schema: public; Owner: django_admin
--

ALTER TABLE public.functionalapp_question ALTER COLUMN id ADD GENERATED BY DEFAULT AS IDENTITY (
    SEQUENCE NAME public.functionalapp_question_id_seq
    START WITH 1
    INCREMENT BY 1
    NO MINVALUE
    NO MAXVALUE
    CACHE 1
);


--
-- Name: profileapp_heat; Type: TABLE; Schema: public; Owner: django_admin
--

CREATE TABLE public.profileapp_heat (
    id bigint NOT NULL,
    soreness character varying(50),
    data date NOT NULL,
    pet_id bigint NOT NULL
);


ALTER TABLE public.profileapp_heat OWNER TO django_admin;

--
-- Name: profileapp_heat_id_seq; Type: SEQUENCE; Schema: public; Owner: django_admin
--

ALTER TABLE public.profileapp_heat ALTER COLUMN id ADD GENERATED BY DEFAULT AS IDENTITY (
    SEQUENCE NAME public.profileapp_heat_id_seq
    START WITH 1
    INCREMENT BY 1
    NO MINVALUE
    NO MAXVALUE
    CACHE 1
);


--
-- Name: profileapp_mood; Type: TABLE; Schema: public; Owner: django_admin
--

CREATE TABLE public.profileapp_mood (
    id bigint NOT NULL,
    mood_day character varying(4) NOT NULL,
    data date NOT NULL,
    pet_id bigint NOT NULL
);


ALTER TABLE public.profileapp_mood OWNER TO django_admin;

--
-- Name: profileapp_mood_id_seq; Type: SEQUENCE; Schema: public; Owner: django_admin
--

ALTER TABLE public.profileapp_mood ALTER COLUMN id ADD GENERATED BY DEFAULT AS IDENTITY (
    SEQUENCE NAME public.profileapp_mood_id_seq
    START WITH 1
    INCREMENT BY 1
    NO MINVALUE
    NO MAXVALUE
    CACHE 1
);


--
-- Name: profileapp_pet; Type: TABLE; Schema: public; Owner: django_admin
--

CREATE TABLE public.profileapp_pet (
    id bigint NOT NULL,
    name character varying(150) NOT NULL,
    sex character varying(1) NOT NULL,
    specie character varying(20),
    breed character varying(30),
    color character varying(20),
    birth date,
    chip boolean,
    tatoo text NOT NULL,
    date_tatoo date,
    passport character varying(100),
    owner_id integer NOT NULL,
    avatar character varying(100),
    weight double precision
);


ALTER TABLE public.profileapp_pet OWNER TO django_admin;

--
-- Name: profileapp_pet_id_seq; Type: SEQUENCE; Schema: public; Owner: django_admin
--

ALTER TABLE public.profileapp_pet ALTER COLUMN id ADD GENERATED BY DEFAULT AS IDENTITY (
    SEQUENCE NAME public.profileapp_pet_id_seq
    START WITH 1
    INCREMENT BY 1
    NO MINVALUE
    NO MAXVALUE
    CACHE 1
);


--
-- Name: profileapp_profile; Type: TABLE; Schema: public; Owner: django_admin
--

CREATE TABLE public.profileapp_profile (
    id bigint NOT NULL,
    bio text NOT NULL,
    email character varying(254) NOT NULL,
    birth date,
    avatar character varying(100),
    user_id integer
);


ALTER TABLE public.profileapp_profile OWNER TO django_admin;

--
-- Name: profileapp_profile_id_seq; Type: SEQUENCE; Schema: public; Owner: django_admin
--

ALTER TABLE public.profileapp_profile ALTER COLUMN id ADD GENERATED BY DEFAULT AS IDENTITY (
    SEQUENCE NAME public.profileapp_profile_id_seq
    START WITH 1
    INCREMENT BY 1
    NO MINVALUE
    NO MAXVALUE
    CACHE 1
);


--
-- Name: profileapp_treatment; Type: TABLE; Schema: public; Owner: django_admin
--

CREATE TABLE public.profileapp_treatment (
    id bigint NOT NULL,
    name character varying(150) NOT NULL,
    data date NOT NULL,
    data_next date NOT NULL,
    pet_id bigint NOT NULL
);


ALTER TABLE public.profileapp_treatment OWNER TO django_admin;

--
-- Name: profileapp_treatment_id_seq; Type: SEQUENCE; Schema: public; Owner: django_admin
--

ALTER TABLE public.profileapp_treatment ALTER COLUMN id ADD GENERATED BY DEFAULT AS IDENTITY (
    SEQUENCE NAME public.profileapp_treatment_id_seq
    START WITH 1
    INCREMENT BY 1
    NO MINVALUE
    NO MAXVALUE
    CACHE 1
);


--
-- Data for Name: auth_group; Type: TABLE DATA; Schema: public; Owner: django_admin
--

COPY public.auth_group (id, name) FROM stdin;
\.


--
-- Data for Name: auth_group_permissions; Type: TABLE DATA; Schema: public; Owner: django_admin
--

COPY public.auth_group_permissions (id, group_id, permission_id) FROM stdin;
\.


--
-- Data for Name: auth_permission; Type: TABLE DATA; Schema: public; Owner: django_admin
--

COPY public.auth_permission (id, name, content_type_id, codename) FROM stdin;
1	Can add log entry	1	add_logentry
2	Can change log entry	1	change_logentry
3	Can delete log entry	1	delete_logentry
4	Can view log entry	1	view_logentry
5	Can add permission	2	add_permission
6	Can change permission	2	change_permission
7	Can delete permission	2	delete_permission
8	Can view permission	2	view_permission
9	Can add group	3	add_group
10	Can change group	3	change_group
11	Can delete group	3	delete_group
12	Can view group	3	view_group
13	Can add user	4	add_user
14	Can change user	4	change_user
15	Can delete user	4	delete_user
16	Can view user	4	view_user
17	Can add content type	5	add_contenttype
18	Can change content type	5	change_contenttype
19	Can delete content type	5	delete_contenttype
20	Can view content type	5	view_contenttype
21	Can add session	6	add_session
22	Can change session	6	change_session
23	Can delete session	6	delete_session
24	Can view session	6	view_session
25	Can add profile	7	add_profile
26	Can change profile	7	change_profile
27	Can delete profile	7	delete_profile
28	Can view profile	7	view_profile
29	Can add pet	8	add_pet
30	Can change pet	8	change_pet
31	Can delete pet	8	delete_pet
32	Can view pet	8	view_pet
33	Can add heat	9	add_heat
34	Can change heat	9	change_heat
35	Can delete heat	9	delete_heat
36	Can view heat	9	view_heat
37	Can add mood	10	add_mood
38	Can change mood	10	change_mood
39	Can delete mood	10	delete_mood
40	Can view mood	10	view_mood
41	Can add treatment	11	add_treatment
42	Can change treatment	11	change_treatment
43	Can delete treatment	11	delete_treatment
44	Can view treatment	11	view_treatment
45	Can add playground	12	add_playground
46	Can change playground	12	change_playground
47	Can delete playground	12	delete_playground
48	Can view playground	12	view_playground
49	Can add answer	13	add_answer
50	Can change answer	13	change_answer
51	Can delete answer	13	delete_answer
52	Can view answer	13	view_answer
53	Can add question	14	add_question
54	Can change question	14	change_question
55	Can delete question	14	delete_question
56	Can view question	14	view_question
57	Can add post	15	add_post
58	Can change post	15	change_post
59	Can delete post	15	delete_post
60	Can view post	15	view_post
61	Can add comment	16	add_comment
62	Can change comment	16	change_comment
63	Can delete comment	16	delete_comment
64	Can view comment	16	view_comment
\.


--
-- Data for Name: auth_user; Type: TABLE DATA; Schema: public; Owner: django_admin
--

COPY public.auth_user (id, password, last_login, is_superuser, username, first_name, last_name, email, is_staff, is_active, date_joined) FROM stdin;
3	pbkdf2_sha256$720000$bsPFCzj2DuiLGWYVg5WNOx$KAPXiv/TBo153LY2g9D3MCW2SLvcguhE76ReA1txmIA=	2024-08-24 17:54:28.503171+00	f	Alex				f	t	2024-08-24 17:23:57.258296+00
2	pbkdf2_sha256$720000$hWhB39ACxbHyY4KHoTy2fl$kpKEpxJarxN3GUrB426TSox5C6YSZbOlYtf17IPqMbo=	2024-08-25 13:58:36.291832+00	t	admin				t	t	2024-08-24 17:13:28.499486+00
4	pbkdf2_sha256$720000$CBJRoM4Y1qgJzZIpltomTI$LpapUKHll2sYiHz/mjXaZ6SyBishGsT+M6O7P6NGnOU=	2024-08-25 14:02:53.365711+00	f	Dmitrii				f	t	2024-08-25 14:02:53.025195+00
1	pbkdf2_sha256$720000$bDPCuqM1kNGIL65DGq808t$p+DSipj79QWIiUCwOgCYUzy/EwM0n6Vds/G+F+UaNa4=	2024-08-25 14:31:15.783509+00	f	redhot				f	t	2024-08-24 16:44:32.801514+00
\.


--
-- Data for Name: auth_user_groups; Type: TABLE DATA; Schema: public; Owner: django_admin
--

COPY public.auth_user_groups (id, user_id, group_id) FROM stdin;
\.


--
-- Data for Name: auth_user_user_permissions; Type: TABLE DATA; Schema: public; Owner: django_admin
--

COPY public.auth_user_user_permissions (id, user_id, permission_id) FROM stdin;
\.


--
-- Data for Name: blogapp_comment; Type: TABLE DATA; Schema: public; Owner: django_admin
--

COPY public.blogapp_comment (id, body, data, author_id, post_id) FROM stdin;
1	Милейший пес	2024-08-24 17:37:35.741705+00	3	3
2	Какие лакомства можно давать шпицам?	2024-08-24 17:38:12.970171+00	3	2
3	Мы купили похожую, очень удобно	2024-08-24 17:40:31.593041+00	1	6
4	Как долго вы здесь пробудете?	2024-08-24 17:40:46.371485+00	1	4
5	Мой пес очень любит морковку	2024-08-25 13:57:57.97446+00	1	2
6	В каком парке гуляли?	2024-08-25 14:12:49.272623+00	4	5
7	Не давит на шею, и это отлично)	2024-08-25 14:13:16.71732+00	4	6
8	Какой счастливый	2024-08-25 14:14:04.242524+00	4	2
\.


--
-- Data for Name: blogapp_post; Type: TABLE DATA; Schema: public; Owner: django_admin
--

COPY public.blogapp_post (id, description, data, photo, author_id) FROM stdin;
6	Купили очень крутую шлейку	2024-08-25 13:51:37.182549+00	posts/Alex/ццццц.jpeg	3
5	Прогулка оказалась веселой	2024-08-25 13:52:05.008594+00	posts/Alex/йййй.jpeg	3
4	Ночной город прекрасен	2024-08-25 13:52:17.575385+00	posts/Alex/azimut_otel_nizhnij_novgorod_35.jpg	3
3	Бордер колли	2024-08-25 13:56:30.990396+00	posts/redhot/3437-sobaki-miniatyurnaya_avstralijskaya_ovchar-sobaka_kompanon-sobaka-soba_k6AQRjB.jpg	1
2	Лакомства обязательны для здоровья	2024-08-25 13:56:45.875257+00	posts/redhot/1702357527_bogatyr-club-p-korotkosherstnii-shpits-foni-instagram-32.jpg	1
1	Сегодня была отличная погода для прогулок	2024-08-25 13:57:18.017106+00	posts/redhot/454796-pomeranskiy-shpic-9.jpg	1
7	Сегодня у нас появился новый питомец, смотрите какая милаха	2024-08-25 14:08:03.251204+00	posts/Dmitrii/Capybara-family-love-kiss_1680x1050.jpg	4
\.


--
-- Data for Name: django_admin_log; Type: TABLE DATA; Schema: public; Owner: django_admin
--

COPY public.django_admin_log (id, action_time, object_id, object_repr, action_flag, change_message, content_type_id, user_id) FROM stdin;
1	2024-08-24 17:18:05.964128+00	1	Playground(1)	1	[{"added": {}}]	12	2
2	2024-08-24 17:20:44.710388+00	2	Playground(2)	1	[{"added": {}}]	12	2
3	2024-08-24 17:21:48.440705+00	3	Playground(3)	1	[{"added": {}}]	12	2
4	2024-08-25 13:59:02.127567+00	1	Playground(1)	2	[{"changed": {"fields": ["Photo"]}}]	12	2
5	2024-08-25 13:59:09.140574+00	2	Playground(2)	2	[{"changed": {"fields": ["Photo"]}}]	12	2
6	2024-08-25 13:59:55.975407+00	3	Playground(3)	2	[{"changed": {"fields": ["Photo"]}}]	12	2
\.


--
-- Data for Name: django_content_type; Type: TABLE DATA; Schema: public; Owner: django_admin
--

COPY public.django_content_type (id, app_label, model) FROM stdin;
1	admin	logentry
2	auth	permission
3	auth	group
4	auth	user
5	contenttypes	contenttype
6	sessions	session
7	profileapp	profile
8	profileapp	pet
9	profileapp	heat
10	profileapp	mood
11	profileapp	treatment
12	functionalapp	playground
13	functionalapp	answer
14	functionalapp	question
15	blogapp	post
16	blogapp	comment
\.


--
-- Data for Name: django_migrations; Type: TABLE DATA; Schema: public; Owner: django_admin
--

COPY public.django_migrations (id, app, name, applied) FROM stdin;
1	contenttypes	0001_initial	2024-08-24 16:40:14.978984+00
2	auth	0001_initial	2024-08-24 16:40:15.005137+00
3	admin	0001_initial	2024-08-24 16:40:15.01226+00
4	admin	0002_logentry_remove_auto_add	2024-08-24 16:40:15.014756+00
5	admin	0003_logentry_add_action_flag_choices	2024-08-24 16:40:15.017314+00
6	contenttypes	0002_remove_content_type_name	2024-08-24 16:40:15.022601+00
7	auth	0002_alter_permission_name_max_length	2024-08-24 16:40:15.025269+00
8	auth	0003_alter_user_email_max_length	2024-08-24 16:40:15.028711+00
9	auth	0004_alter_user_username_opts	2024-08-24 16:40:15.031002+00
10	auth	0005_alter_user_last_login_null	2024-08-24 16:40:15.03356+00
11	auth	0006_require_contenttypes_0002	2024-08-24 16:40:15.033989+00
12	auth	0007_alter_validators_add_error_messages	2024-08-24 16:40:15.036355+00
13	auth	0008_alter_user_username_max_length	2024-08-24 16:40:15.040091+00
14	auth	0009_alter_user_last_name_max_length	2024-08-24 16:40:15.042953+00
15	auth	0010_alter_group_name_max_length	2024-08-24 16:40:15.046204+00
16	auth	0011_update_proxy_permissions	2024-08-24 16:40:15.04857+00
17	auth	0012_alter_user_first_name_max_length	2024-08-24 16:40:15.052256+00
18	blogapp	0001_initial	2024-08-24 16:40:15.067788+00
19	blogapp	0002_alter_comment_author_alter_post_author	2024-08-24 16:40:15.082203+00
20	blogapp	0003_alter_post_options	2024-08-24 16:40:15.085855+00
21	functionalapp	0001_initial	2024-08-24 16:40:15.090156+00
22	functionalapp	0002_answer_question	2024-08-24 16:40:15.106131+00
23	functionalapp	0003_alter_question_photo	2024-08-24 16:40:15.10938+00
24	functionalapp	0004_alter_question_answers	2024-08-24 16:40:15.115136+00
25	functionalapp	0005_alter_answer_photo	2024-08-24 16:40:15.118317+00
26	functionalapp	0006_remove_question_answers_answer_question	2024-08-24 16:40:15.127618+00
27	functionalapp	0007_alter_answer_photo	2024-08-24 16:40:15.142686+00
28	functionalapp	0008_alter_playground_options	2024-08-24 16:40:15.143954+00
29	profileapp	0001_initial	2024-08-24 16:40:15.151194+00
30	profileapp	0002_alter_profile_birth	2024-08-24 16:40:15.154876+00
31	profileapp	0003_alter_profile_birth	2024-08-24 16:40:15.158571+00
32	profileapp	0004_pet	2024-08-24 16:40:15.167223+00
33	profileapp	0005_pet_avatar_alter_pet_owner	2024-08-24 16:40:15.178842+00
34	profileapp	0006_pet_weight	2024-08-24 16:40:15.183434+00
35	profileapp	0007_alter_pet_avatar_alter_pet_passport	2024-08-24 16:40:15.190369+00
36	profileapp	0008_heat_mood_treatment	2024-08-24 16:40:15.211205+00
37	profileapp	0009_alter_profile_user	2024-08-24 16:40:15.217594+00
38	profileapp	0010_alter_pet_options	2024-08-24 16:40:15.22275+00
39	profileapp	0011_alter_profile_avatar	2024-08-24 16:40:15.226463+00
40	sessions	0001_initial	2024-08-24 16:40:15.230555+00
\.


--
-- Data for Name: django_session; Type: TABLE DATA; Schema: public; Owner: django_admin
--

COPY public.django_session (session_key, session_data, expire_date) FROM stdin;
uyatkyj4gbc4ubnui82696lon25xu2vl	.eJxVjEEOwiAQRe_C2pCBFigu3XsGMgODVA0kpV0Z765NutDtf-_9lwi4rSVsnZcwJ3EWSpx-N8L44LqDdMd6azK2ui4zyV2RB-3y2hI_L4f7d1Cwl2-tUaeBQEFG8Dh6lS3ZkYEcsHOTTnkaIoCP5KL1hrUxwDk67yBTRi3eH91LN_k:1siEGx:UBeduvRDEKFJxqxMw4_ScBBvN3TJOIiwgzgDMQRFOBk	2024-09-08 14:31:15.78469+00
\.


--
-- Data for Name: functionalapp_answer; Type: TABLE DATA; Schema: public; Owner: django_admin
--

COPY public.functionalapp_answer (id, body, data, photo, author_id, question_id) FROM stdin;
1	Я думаю, что клеймо обязательно должно совпадать с метрикой	2024-08-24 17:34:43.784254+00		3	1
2	Обильно два раза в год	2024-08-24 17:43:07.533733+00		1	2
5	Да, у Ленни совпадает	2024-08-25 14:15:02.785824+00	answers/Dmitrii/1639853245_1-sobakovod-club-p-sobaki-kleimo-u-sobaki-1.jpg	4	1
\.


--
-- Data for Name: functionalapp_playground; Type: TABLE DATA; Schema: public; Owner: django_admin
--

COPY public.functionalapp_playground (id, town, address, description, photo) FROM stdin;
1	Нижний Новгород	Канавинский район	Отличная площадка	playgrounds/Нижний Новгород/6075443114426_0.jpg
2	Нижний Новгород	Советский район, проспект Гагарина, рядом с домом 9	Новая площадка с тренажерами	playgrounds/Нижний Новгород/scale_1200.jpeg
3	Нижний Новгород	Автозаводский район, улица Пушкина, дом 65	На площадке работают кинологи	playgrounds/Нижний Новгород/fotoposle_str171.jpg
\.


--
-- Data for Name: functionalapp_question; Type: TABLE DATA; Schema: public; Owner: django_admin
--

COPY public.functionalapp_question (id, head, body, data, photo, author_id) FROM stdin;
2	Как часто собака должна линять?	Начинающие собаководы и люди, которые предпочитают разглядывать собак только на милых фото, считают, что выпадает шерсть дважды в год — поздней весной и осенью. Но некоторые животные не смотрят на календарь и линяют круглогодично. Это может быть как нормальным явлением, так и тревожным звоночком, говорящим о наличии какого-либо заболевания.	2024-08-25 13:50:54.373271+00	questions/Alex/statya-130_2.jpg	3
3	Можно ли ускорить линьку?	Кк выглядит этот процесс?	2024-08-25 14:31:32.55683+00	questions/redhot/53f8f45ae8150a61755f4ddbae3b3f59.jpeg	1
1	Клеймо	Должно ли клеймо должно совпадать с тем, которое прописано в щенячьей метрике?	2024-08-25 14:32:35.935981+00	questions/redhot/x6a43fd3133e9fbbd851730b889017346.jpg.pagespeed.ic.4j3lxbvT2m.jpg	1
\.


--
-- Data for Name: profileapp_heat; Type: TABLE DATA; Schema: public; Owner: django_admin
--

COPY public.profileapp_heat (id, soreness, data, pet_id) FROM stdin;
1	5/10	2024-08-02	1
2	1/10	2024-08-08	4
\.


--
-- Data for Name: profileapp_mood; Type: TABLE DATA; Schema: public; Owner: django_admin
--

COPY public.profileapp_mood (id, mood_day, data, pet_id) FROM stdin;
1	slug	2024-08-01	1
2	exc	2024-08-24	1
3	play	2024-08-08	2
4	exc	2024-08-25	2
5	norm	2024-07-07	4
6	play	2024-07-08	4
\.


--
-- Data for Name: profileapp_pet; Type: TABLE DATA; Schema: public; Owner: django_admin
--

COPY public.profileapp_pet (id, name, sex, specie, breed, color, birth, chip, tatoo, date_tatoo, passport, owner_id, avatar, weight) FROM stdin;
2	Chapppy	M	Dog	Corgi	Brown	2023-05-05	t	2023-05-05 Chappy	2023-06-05	users/user3/pet_files/kak-zapolnit-mezhdunarodnyy-veterinarnyy-pasport-dlya-sobak-4.jpg	3	users/user3/pet_files/velsh-korgi-sobaka-piosik-shchenok-veresk.jpg	7
1	Lyalya	F	Dog	Pomeranian	Red	2020-01-01	f	No	\N		1	users/user1/pet_files/IMG_0771.jpg	3.5
3	Василий	M	Cat	Сибирский	Пепельный	2010-05-05	f		\N		4	users/user4/pet_files/1653277732_7-funart-pro-p-sibirskaya-koshka-s-golubimi-glazami-krasi-7.jpg	8
4	Lenny	M	Капибара	-	Brown	2024-02-02	t	wer4652	2024-04-30		4	users/user4/pet_files/1703518938_furman-top-p-kapibara-oboi-na-rabochii-stol-vkontakte-41.jpg	10
\.


--
-- Data for Name: profileapp_profile; Type: TABLE DATA; Schema: public; Owner: django_admin
--

COPY public.profileapp_profile (id, bio, email, birth, avatar, user_id) FROM stdin;
2			\N		2
3	Мне 30 лет, у меня 5 собак, я фотограф.	alex@mail.ru	1994-01-01	users/user3/images/The-Long-Dark---PlayStation-4.webp	3
1	I am the creator of this website	irina.purgina@inbox.ru	1995-05-23	users/user1/images/The-Long-Dark.jpg	1
4	Я счастливый обладатель прекрасного голубоглазого кота	dima@mail.ru	1990-04-04	users/user4/images/1680214426_papik-pro-p-the-long-dark-poster-39.jpg	4
\.


--
-- Data for Name: profileapp_treatment; Type: TABLE DATA; Schema: public; Owner: django_admin
--

COPY public.profileapp_treatment (id, name, data, data_next, pet_id) FROM stdin;
1	Treatment from ticks	2024-08-10	2024-09-10	1
2	Обработка от клещей	2024-02-02	2024-10-02	2
\.


--
-- Name: auth_group_id_seq; Type: SEQUENCE SET; Schema: public; Owner: django_admin
--

SELECT pg_catalog.setval('public.auth_group_id_seq', 1, false);


--
-- Name: auth_group_permissions_id_seq; Type: SEQUENCE SET; Schema: public; Owner: django_admin
--

SELECT pg_catalog.setval('public.auth_group_permissions_id_seq', 1, false);


--
-- Name: auth_permission_id_seq; Type: SEQUENCE SET; Schema: public; Owner: django_admin
--

SELECT pg_catalog.setval('public.auth_permission_id_seq', 64, true);


--
-- Name: auth_user_groups_id_seq; Type: SEQUENCE SET; Schema: public; Owner: django_admin
--

SELECT pg_catalog.setval('public.auth_user_groups_id_seq', 1, false);


--
-- Name: auth_user_id_seq; Type: SEQUENCE SET; Schema: public; Owner: django_admin
--

SELECT pg_catalog.setval('public.auth_user_id_seq', 4, true);


--
-- Name: auth_user_user_permissions_id_seq; Type: SEQUENCE SET; Schema: public; Owner: django_admin
--

SELECT pg_catalog.setval('public.auth_user_user_permissions_id_seq', 1, false);


--
-- Name: blogapp_comment_id_seq; Type: SEQUENCE SET; Schema: public; Owner: django_admin
--

SELECT pg_catalog.setval('public.blogapp_comment_id_seq', 8, true);


--
-- Name: blogapp_post_id_seq; Type: SEQUENCE SET; Schema: public; Owner: django_admin
--

SELECT pg_catalog.setval('public.blogapp_post_id_seq', 7, true);


--
-- Name: django_admin_log_id_seq; Type: SEQUENCE SET; Schema: public; Owner: django_admin
--

SELECT pg_catalog.setval('public.django_admin_log_id_seq', 6, true);


--
-- Name: django_content_type_id_seq; Type: SEQUENCE SET; Schema: public; Owner: django_admin
--

SELECT pg_catalog.setval('public.django_content_type_id_seq', 16, true);


--
-- Name: django_migrations_id_seq; Type: SEQUENCE SET; Schema: public; Owner: django_admin
--

SELECT pg_catalog.setval('public.django_migrations_id_seq', 40, true);


--
-- Name: functionalapp_answer_id_seq; Type: SEQUENCE SET; Schema: public; Owner: django_admin
--

SELECT pg_catalog.setval('public.functionalapp_answer_id_seq', 5, true);


--
-- Name: functionalapp_playground_id_seq; Type: SEQUENCE SET; Schema: public; Owner: django_admin
--

SELECT pg_catalog.setval('public.functionalapp_playground_id_seq', 3, true);


--
-- Name: functionalapp_question_id_seq; Type: SEQUENCE SET; Schema: public; Owner: django_admin
--

SELECT pg_catalog.setval('public.functionalapp_question_id_seq', 3, true);


--
-- Name: profileapp_heat_id_seq; Type: SEQUENCE SET; Schema: public; Owner: django_admin
--

SELECT pg_catalog.setval('public.profileapp_heat_id_seq', 2, true);


--
-- Name: profileapp_mood_id_seq; Type: SEQUENCE SET; Schema: public; Owner: django_admin
--

SELECT pg_catalog.setval('public.profileapp_mood_id_seq', 6, true);


--
-- Name: profileapp_pet_id_seq; Type: SEQUENCE SET; Schema: public; Owner: django_admin
--

SELECT pg_catalog.setval('public.profileapp_pet_id_seq', 4, true);


--
-- Name: profileapp_profile_id_seq; Type: SEQUENCE SET; Schema: public; Owner: django_admin
--

SELECT pg_catalog.setval('public.profileapp_profile_id_seq', 4, true);


--
-- Name: profileapp_treatment_id_seq; Type: SEQUENCE SET; Schema: public; Owner: django_admin
--

SELECT pg_catalog.setval('public.profileapp_treatment_id_seq', 2, true);


--
-- Name: auth_group auth_group_name_key; Type: CONSTRAINT; Schema: public; Owner: django_admin
--

ALTER TABLE ONLY public.auth_group
    ADD CONSTRAINT auth_group_name_key UNIQUE (name);


--
-- Name: auth_group_permissions auth_group_permissions_group_id_permission_id_0cd325b0_uniq; Type: CONSTRAINT; Schema: public; Owner: django_admin
--

ALTER TABLE ONLY public.auth_group_permissions
    ADD CONSTRAINT auth_group_permissions_group_id_permission_id_0cd325b0_uniq UNIQUE (group_id, permission_id);


--
-- Name: auth_group_permissions auth_group_permissions_pkey; Type: CONSTRAINT; Schema: public; Owner: django_admin
--

ALTER TABLE ONLY public.auth_group_permissions
    ADD CONSTRAINT auth_group_permissions_pkey PRIMARY KEY (id);


--
-- Name: auth_group auth_group_pkey; Type: CONSTRAINT; Schema: public; Owner: django_admin
--

ALTER TABLE ONLY public.auth_group
    ADD CONSTRAINT auth_group_pkey PRIMARY KEY (id);


--
-- Name: auth_permission auth_permission_content_type_id_codename_01ab375a_uniq; Type: CONSTRAINT; Schema: public; Owner: django_admin
--

ALTER TABLE ONLY public.auth_permission
    ADD CONSTRAINT auth_permission_content_type_id_codename_01ab375a_uniq UNIQUE (content_type_id, codename);


--
-- Name: auth_permission auth_permission_pkey; Type: CONSTRAINT; Schema: public; Owner: django_admin
--

ALTER TABLE ONLY public.auth_permission
    ADD CONSTRAINT auth_permission_pkey PRIMARY KEY (id);


--
-- Name: auth_user_groups auth_user_groups_pkey; Type: CONSTRAINT; Schema: public; Owner: django_admin
--

ALTER TABLE ONLY public.auth_user_groups
    ADD CONSTRAINT auth_user_groups_pkey PRIMARY KEY (id);


--
-- Name: auth_user_groups auth_user_groups_user_id_group_id_94350c0c_uniq; Type: CONSTRAINT; Schema: public; Owner: django_admin
--

ALTER TABLE ONLY public.auth_user_groups
    ADD CONSTRAINT auth_user_groups_user_id_group_id_94350c0c_uniq UNIQUE (user_id, group_id);


--
-- Name: auth_user auth_user_pkey; Type: CONSTRAINT; Schema: public; Owner: django_admin
--

ALTER TABLE ONLY public.auth_user
    ADD CONSTRAINT auth_user_pkey PRIMARY KEY (id);


--
-- Name: auth_user_user_permissions auth_user_user_permissions_pkey; Type: CONSTRAINT; Schema: public; Owner: django_admin
--

ALTER TABLE ONLY public.auth_user_user_permissions
    ADD CONSTRAINT auth_user_user_permissions_pkey PRIMARY KEY (id);


--
-- Name: auth_user_user_permissions auth_user_user_permissions_user_id_permission_id_14a6b632_uniq; Type: CONSTRAINT; Schema: public; Owner: django_admin
--

ALTER TABLE ONLY public.auth_user_user_permissions
    ADD CONSTRAINT auth_user_user_permissions_user_id_permission_id_14a6b632_uniq UNIQUE (user_id, permission_id);


--
-- Name: auth_user auth_user_username_key; Type: CONSTRAINT; Schema: public; Owner: django_admin
--

ALTER TABLE ONLY public.auth_user
    ADD CONSTRAINT auth_user_username_key UNIQUE (username);


--
-- Name: blogapp_comment blogapp_comment_pkey; Type: CONSTRAINT; Schema: public; Owner: django_admin
--

ALTER TABLE ONLY public.blogapp_comment
    ADD CONSTRAINT blogapp_comment_pkey PRIMARY KEY (id);


--
-- Name: blogapp_post blogapp_post_pkey; Type: CONSTRAINT; Schema: public; Owner: django_admin
--

ALTER TABLE ONLY public.blogapp_post
    ADD CONSTRAINT blogapp_post_pkey PRIMARY KEY (id);


--
-- Name: django_admin_log django_admin_log_pkey; Type: CONSTRAINT; Schema: public; Owner: django_admin
--

ALTER TABLE ONLY public.django_admin_log
    ADD CONSTRAINT django_admin_log_pkey PRIMARY KEY (id);


--
-- Name: django_content_type django_content_type_app_label_model_76bd3d3b_uniq; Type: CONSTRAINT; Schema: public; Owner: django_admin
--

ALTER TABLE ONLY public.django_content_type
    ADD CONSTRAINT django_content_type_app_label_model_76bd3d3b_uniq UNIQUE (app_label, model);


--
-- Name: django_content_type django_content_type_pkey; Type: CONSTRAINT; Schema: public; Owner: django_admin
--

ALTER TABLE ONLY public.django_content_type
    ADD CONSTRAINT django_content_type_pkey PRIMARY KEY (id);


--
-- Name: django_migrations django_migrations_pkey; Type: CONSTRAINT; Schema: public; Owner: django_admin
--

ALTER TABLE ONLY public.django_migrations
    ADD CONSTRAINT django_migrations_pkey PRIMARY KEY (id);


--
-- Name: django_session django_session_pkey; Type: CONSTRAINT; Schema: public; Owner: django_admin
--

ALTER TABLE ONLY public.django_session
    ADD CONSTRAINT django_session_pkey PRIMARY KEY (session_key);


--
-- Name: functionalapp_answer functionalapp_answer_pkey; Type: CONSTRAINT; Schema: public; Owner: django_admin
--

ALTER TABLE ONLY public.functionalapp_answer
    ADD CONSTRAINT functionalapp_answer_pkey PRIMARY KEY (id);


--
-- Name: functionalapp_playground functionalapp_playground_pkey; Type: CONSTRAINT; Schema: public; Owner: django_admin
--

ALTER TABLE ONLY public.functionalapp_playground
    ADD CONSTRAINT functionalapp_playground_pkey PRIMARY KEY (id);


--
-- Name: functionalapp_question functionalapp_question_pkey; Type: CONSTRAINT; Schema: public; Owner: django_admin
--

ALTER TABLE ONLY public.functionalapp_question
    ADD CONSTRAINT functionalapp_question_pkey PRIMARY KEY (id);


--
-- Name: profileapp_heat profileapp_heat_pkey; Type: CONSTRAINT; Schema: public; Owner: django_admin
--

ALTER TABLE ONLY public.profileapp_heat
    ADD CONSTRAINT profileapp_heat_pkey PRIMARY KEY (id);


--
-- Name: profileapp_mood profileapp_mood_pkey; Type: CONSTRAINT; Schema: public; Owner: django_admin
--

ALTER TABLE ONLY public.profileapp_mood
    ADD CONSTRAINT profileapp_mood_pkey PRIMARY KEY (id);


--
-- Name: profileapp_pet profileapp_pet_pkey; Type: CONSTRAINT; Schema: public; Owner: django_admin
--

ALTER TABLE ONLY public.profileapp_pet
    ADD CONSTRAINT profileapp_pet_pkey PRIMARY KEY (id);


--
-- Name: profileapp_profile profileapp_profile_pkey; Type: CONSTRAINT; Schema: public; Owner: django_admin
--

ALTER TABLE ONLY public.profileapp_profile
    ADD CONSTRAINT profileapp_profile_pkey PRIMARY KEY (id);


--
-- Name: profileapp_profile profileapp_profile_user_id_key; Type: CONSTRAINT; Schema: public; Owner: django_admin
--

ALTER TABLE ONLY public.profileapp_profile
    ADD CONSTRAINT profileapp_profile_user_id_key UNIQUE (user_id);


--
-- Name: profileapp_treatment profileapp_treatment_pkey; Type: CONSTRAINT; Schema: public; Owner: django_admin
--

ALTER TABLE ONLY public.profileapp_treatment
    ADD CONSTRAINT profileapp_treatment_pkey PRIMARY KEY (id);


--
-- Name: auth_group_name_a6ea08ec_like; Type: INDEX; Schema: public; Owner: django_admin
--

CREATE INDEX auth_group_name_a6ea08ec_like ON public.auth_group USING btree (name varchar_pattern_ops);


--
-- Name: auth_group_permissions_group_id_b120cbf9; Type: INDEX; Schema: public; Owner: django_admin
--

CREATE INDEX auth_group_permissions_group_id_b120cbf9 ON public.auth_group_permissions USING btree (group_id);


--
-- Name: auth_group_permissions_permission_id_84c5c92e; Type: INDEX; Schema: public; Owner: django_admin
--

CREATE INDEX auth_group_permissions_permission_id_84c5c92e ON public.auth_group_permissions USING btree (permission_id);


--
-- Name: auth_permission_content_type_id_2f476e4b; Type: INDEX; Schema: public; Owner: django_admin
--

CREATE INDEX auth_permission_content_type_id_2f476e4b ON public.auth_permission USING btree (content_type_id);


--
-- Name: auth_user_groups_group_id_97559544; Type: INDEX; Schema: public; Owner: django_admin
--

CREATE INDEX auth_user_groups_group_id_97559544 ON public.auth_user_groups USING btree (group_id);


--
-- Name: auth_user_groups_user_id_6a12ed8b; Type: INDEX; Schema: public; Owner: django_admin
--

CREATE INDEX auth_user_groups_user_id_6a12ed8b ON public.auth_user_groups USING btree (user_id);


--
-- Name: auth_user_user_permissions_permission_id_1fbb5f2c; Type: INDEX; Schema: public; Owner: django_admin
--

CREATE INDEX auth_user_user_permissions_permission_id_1fbb5f2c ON public.auth_user_user_permissions USING btree (permission_id);


--
-- Name: auth_user_user_permissions_user_id_a95ead1b; Type: INDEX; Schema: public; Owner: django_admin
--

CREATE INDEX auth_user_user_permissions_user_id_a95ead1b ON public.auth_user_user_permissions USING btree (user_id);


--
-- Name: auth_user_username_6821ab7c_like; Type: INDEX; Schema: public; Owner: django_admin
--

CREATE INDEX auth_user_username_6821ab7c_like ON public.auth_user USING btree (username varchar_pattern_ops);


--
-- Name: blogapp_comment_author_id_9a1dfe1b; Type: INDEX; Schema: public; Owner: django_admin
--

CREATE INDEX blogapp_comment_author_id_9a1dfe1b ON public.blogapp_comment USING btree (author_id);


--
-- Name: blogapp_comment_post_id_b709c5d9; Type: INDEX; Schema: public; Owner: django_admin
--

CREATE INDEX blogapp_comment_post_id_b709c5d9 ON public.blogapp_comment USING btree (post_id);


--
-- Name: blogapp_post_author_id_5ec80b2c; Type: INDEX; Schema: public; Owner: django_admin
--

CREATE INDEX blogapp_post_author_id_5ec80b2c ON public.blogapp_post USING btree (author_id);


--
-- Name: django_admin_log_content_type_id_c4bce8eb; Type: INDEX; Schema: public; Owner: django_admin
--

CREATE INDEX django_admin_log_content_type_id_c4bce8eb ON public.django_admin_log USING btree (content_type_id);


--
-- Name: django_admin_log_user_id_c564eba6; Type: INDEX; Schema: public; Owner: django_admin
--

CREATE INDEX django_admin_log_user_id_c564eba6 ON public.django_admin_log USING btree (user_id);


--
-- Name: django_session_expire_date_a5c62663; Type: INDEX; Schema: public; Owner: django_admin
--

CREATE INDEX django_session_expire_date_a5c62663 ON public.django_session USING btree (expire_date);


--
-- Name: django_session_session_key_c0390e0f_like; Type: INDEX; Schema: public; Owner: django_admin
--

CREATE INDEX django_session_session_key_c0390e0f_like ON public.django_session USING btree (session_key varchar_pattern_ops);


--
-- Name: functionalapp_answer_author_id_7336b25a; Type: INDEX; Schema: public; Owner: django_admin
--

CREATE INDEX functionalapp_answer_author_id_7336b25a ON public.functionalapp_answer USING btree (author_id);


--
-- Name: functionalapp_answer_question_id_04a10b84; Type: INDEX; Schema: public; Owner: django_admin
--

CREATE INDEX functionalapp_answer_question_id_04a10b84 ON public.functionalapp_answer USING btree (question_id);


--
-- Name: functionalapp_question_author_id_0734b52d; Type: INDEX; Schema: public; Owner: django_admin
--

CREATE INDEX functionalapp_question_author_id_0734b52d ON public.functionalapp_question USING btree (author_id);


--
-- Name: profileapp_heat_pet_id_ed79f704; Type: INDEX; Schema: public; Owner: django_admin
--

CREATE INDEX profileapp_heat_pet_id_ed79f704 ON public.profileapp_heat USING btree (pet_id);


--
-- Name: profileapp_mood_pet_id_20f03b20; Type: INDEX; Schema: public; Owner: django_admin
--

CREATE INDEX profileapp_mood_pet_id_20f03b20 ON public.profileapp_mood USING btree (pet_id);


--
-- Name: profileapp_pet_owner_id_8ba78a79; Type: INDEX; Schema: public; Owner: django_admin
--

CREATE INDEX profileapp_pet_owner_id_8ba78a79 ON public.profileapp_pet USING btree (owner_id);


--
-- Name: profileapp_treatment_pet_id_3825c632; Type: INDEX; Schema: public; Owner: django_admin
--

CREATE INDEX profileapp_treatment_pet_id_3825c632 ON public.profileapp_treatment USING btree (pet_id);


--
-- Name: auth_group_permissions auth_group_permissio_permission_id_84c5c92e_fk_auth_perm; Type: FK CONSTRAINT; Schema: public; Owner: django_admin
--

ALTER TABLE ONLY public.auth_group_permissions
    ADD CONSTRAINT auth_group_permissio_permission_id_84c5c92e_fk_auth_perm FOREIGN KEY (permission_id) REFERENCES public.auth_permission(id) DEFERRABLE INITIALLY DEFERRED;


--
-- Name: auth_group_permissions auth_group_permissions_group_id_b120cbf9_fk_auth_group_id; Type: FK CONSTRAINT; Schema: public; Owner: django_admin
--

ALTER TABLE ONLY public.auth_group_permissions
    ADD CONSTRAINT auth_group_permissions_group_id_b120cbf9_fk_auth_group_id FOREIGN KEY (group_id) REFERENCES public.auth_group(id) DEFERRABLE INITIALLY DEFERRED;


--
-- Name: auth_permission auth_permission_content_type_id_2f476e4b_fk_django_co; Type: FK CONSTRAINT; Schema: public; Owner: django_admin
--

ALTER TABLE ONLY public.auth_permission
    ADD CONSTRAINT auth_permission_content_type_id_2f476e4b_fk_django_co FOREIGN KEY (content_type_id) REFERENCES public.django_content_type(id) DEFERRABLE INITIALLY DEFERRED;


--
-- Name: auth_user_groups auth_user_groups_group_id_97559544_fk_auth_group_id; Type: FK CONSTRAINT; Schema: public; Owner: django_admin
--

ALTER TABLE ONLY public.auth_user_groups
    ADD CONSTRAINT auth_user_groups_group_id_97559544_fk_auth_group_id FOREIGN KEY (group_id) REFERENCES public.auth_group(id) DEFERRABLE INITIALLY DEFERRED;


--
-- Name: auth_user_groups auth_user_groups_user_id_6a12ed8b_fk_auth_user_id; Type: FK CONSTRAINT; Schema: public; Owner: django_admin
--

ALTER TABLE ONLY public.auth_user_groups
    ADD CONSTRAINT auth_user_groups_user_id_6a12ed8b_fk_auth_user_id FOREIGN KEY (user_id) REFERENCES public.auth_user(id) DEFERRABLE INITIALLY DEFERRED;


--
-- Name: auth_user_user_permissions auth_user_user_permi_permission_id_1fbb5f2c_fk_auth_perm; Type: FK CONSTRAINT; Schema: public; Owner: django_admin
--

ALTER TABLE ONLY public.auth_user_user_permissions
    ADD CONSTRAINT auth_user_user_permi_permission_id_1fbb5f2c_fk_auth_perm FOREIGN KEY (permission_id) REFERENCES public.auth_permission(id) DEFERRABLE INITIALLY DEFERRED;


--
-- Name: auth_user_user_permissions auth_user_user_permissions_user_id_a95ead1b_fk_auth_user_id; Type: FK CONSTRAINT; Schema: public; Owner: django_admin
--

ALTER TABLE ONLY public.auth_user_user_permissions
    ADD CONSTRAINT auth_user_user_permissions_user_id_a95ead1b_fk_auth_user_id FOREIGN KEY (user_id) REFERENCES public.auth_user(id) DEFERRABLE INITIALLY DEFERRED;


--
-- Name: blogapp_comment blogapp_comment_author_id_9a1dfe1b_fk_auth_user_id; Type: FK CONSTRAINT; Schema: public; Owner: django_admin
--

ALTER TABLE ONLY public.blogapp_comment
    ADD CONSTRAINT blogapp_comment_author_id_9a1dfe1b_fk_auth_user_id FOREIGN KEY (author_id) REFERENCES public.auth_user(id) DEFERRABLE INITIALLY DEFERRED;


--
-- Name: blogapp_comment blogapp_comment_post_id_b709c5d9_fk_blogapp_post_id; Type: FK CONSTRAINT; Schema: public; Owner: django_admin
--

ALTER TABLE ONLY public.blogapp_comment
    ADD CONSTRAINT blogapp_comment_post_id_b709c5d9_fk_blogapp_post_id FOREIGN KEY (post_id) REFERENCES public.blogapp_post(id) DEFERRABLE INITIALLY DEFERRED;


--
-- Name: blogapp_post blogapp_post_author_id_5ec80b2c_fk_auth_user_id; Type: FK CONSTRAINT; Schema: public; Owner: django_admin
--

ALTER TABLE ONLY public.blogapp_post
    ADD CONSTRAINT blogapp_post_author_id_5ec80b2c_fk_auth_user_id FOREIGN KEY (author_id) REFERENCES public.auth_user(id) DEFERRABLE INITIALLY DEFERRED;


--
-- Name: django_admin_log django_admin_log_content_type_id_c4bce8eb_fk_django_co; Type: FK CONSTRAINT; Schema: public; Owner: django_admin
--

ALTER TABLE ONLY public.django_admin_log
    ADD CONSTRAINT django_admin_log_content_type_id_c4bce8eb_fk_django_co FOREIGN KEY (content_type_id) REFERENCES public.django_content_type(id) DEFERRABLE INITIALLY DEFERRED;


--
-- Name: django_admin_log django_admin_log_user_id_c564eba6_fk_auth_user_id; Type: FK CONSTRAINT; Schema: public; Owner: django_admin
--

ALTER TABLE ONLY public.django_admin_log
    ADD CONSTRAINT django_admin_log_user_id_c564eba6_fk_auth_user_id FOREIGN KEY (user_id) REFERENCES public.auth_user(id) DEFERRABLE INITIALLY DEFERRED;


--
-- Name: functionalapp_answer functionalapp_answer_author_id_7336b25a_fk_auth_user_id; Type: FK CONSTRAINT; Schema: public; Owner: django_admin
--

ALTER TABLE ONLY public.functionalapp_answer
    ADD CONSTRAINT functionalapp_answer_author_id_7336b25a_fk_auth_user_id FOREIGN KEY (author_id) REFERENCES public.auth_user(id) DEFERRABLE INITIALLY DEFERRED;


--
-- Name: functionalapp_answer functionalapp_answer_question_id_04a10b84_fk_functiona; Type: FK CONSTRAINT; Schema: public; Owner: django_admin
--

ALTER TABLE ONLY public.functionalapp_answer
    ADD CONSTRAINT functionalapp_answer_question_id_04a10b84_fk_functiona FOREIGN KEY (question_id) REFERENCES public.functionalapp_question(id) DEFERRABLE INITIALLY DEFERRED;


--
-- Name: functionalapp_question functionalapp_question_author_id_0734b52d_fk_auth_user_id; Type: FK CONSTRAINT; Schema: public; Owner: django_admin
--

ALTER TABLE ONLY public.functionalapp_question
    ADD CONSTRAINT functionalapp_question_author_id_0734b52d_fk_auth_user_id FOREIGN KEY (author_id) REFERENCES public.auth_user(id) DEFERRABLE INITIALLY DEFERRED;


--
-- Name: profileapp_heat profileapp_heat_pet_id_ed79f704_fk_profileapp_pet_id; Type: FK CONSTRAINT; Schema: public; Owner: django_admin
--

ALTER TABLE ONLY public.profileapp_heat
    ADD CONSTRAINT profileapp_heat_pet_id_ed79f704_fk_profileapp_pet_id FOREIGN KEY (pet_id) REFERENCES public.profileapp_pet(id) DEFERRABLE INITIALLY DEFERRED;


--
-- Name: profileapp_mood profileapp_mood_pet_id_20f03b20_fk_profileapp_pet_id; Type: FK CONSTRAINT; Schema: public; Owner: django_admin
--

ALTER TABLE ONLY public.profileapp_mood
    ADD CONSTRAINT profileapp_mood_pet_id_20f03b20_fk_profileapp_pet_id FOREIGN KEY (pet_id) REFERENCES public.profileapp_pet(id) DEFERRABLE INITIALLY DEFERRED;


--
-- Name: profileapp_pet profileapp_pet_owner_id_8ba78a79_fk_auth_user_id; Type: FK CONSTRAINT; Schema: public; Owner: django_admin
--

ALTER TABLE ONLY public.profileapp_pet
    ADD CONSTRAINT profileapp_pet_owner_id_8ba78a79_fk_auth_user_id FOREIGN KEY (owner_id) REFERENCES public.auth_user(id) DEFERRABLE INITIALLY DEFERRED;


--
-- Name: profileapp_profile profileapp_profile_user_id_74c8a2f6_fk_auth_user_id; Type: FK CONSTRAINT; Schema: public; Owner: django_admin
--

ALTER TABLE ONLY public.profileapp_profile
    ADD CONSTRAINT profileapp_profile_user_id_74c8a2f6_fk_auth_user_id FOREIGN KEY (user_id) REFERENCES public.auth_user(id) DEFERRABLE INITIALLY DEFERRED;


--
-- Name: profileapp_treatment profileapp_treatment_pet_id_3825c632_fk_profileapp_pet_id; Type: FK CONSTRAINT; Schema: public; Owner: django_admin
--

ALTER TABLE ONLY public.profileapp_treatment
    ADD CONSTRAINT profileapp_treatment_pet_id_3825c632_fk_profileapp_pet_id FOREIGN KEY (pet_id) REFERENCES public.profileapp_pet(id) DEFERRABLE INITIALLY DEFERRED;


--
-- PostgreSQL database dump complete
--

